{"cameraMode":{"drawMode":0,"name":"Shaded","section":"Shading Mode"},"sceneLighting":true,"audioPlay":false,"sceneViewState":{"showFog":true,"showMaterialUpdate":false,"showSkybox":true,"showFlares":true,"showImageEffects":true,"showParticleSystems":true},"in2DMode":false,"pivot":{"x":745.7811889648438,"y":354.7055358886719,"z":265.16070556640627},"rotation":{"x":0.029994629323482515,"y":0.00749657116830349,"z":-0.0002250290272058919,"w":0.9995230436325073},"size":851.4225463867188,"orthographic":true}