{"cameraMode":{"drawMode":0,"name":"Shaded","section":"Shading Mode"},"sceneLighting":true,"audioPlay":false,"sceneViewState":{"showFog":true,"showMaterialUpdate":false,"showSkybox":true,"showFlares":true,"showImageEffects":true,"showParticleSystems":true},"in2DMode":false,"pivot":{"x":529.5938110351563,"y":245.59315490722657,"z":-0.9964599609375},"rotation":{"x":0.023964636027812959,"y":-0.052460771054029468,"z":0.0012592985294759274,"w":0.9983342289924622},"size":600.2926635742188,"orthographic":false}